snr,ber,fer,time_ms
0.0,1.190156e-01,7.340000e-01,9.083821
0.5,8.340625e-02,5.770000e-01,8.783449
1.0,5.176563e-02,4.020000e-01,8.969390
1.5,2.595313e-02,2.170000e-01,8.904490
2.0,1.229688e-02,1.150000e-01,8.785748
2.5,5.578125e-03,6.100000e-02,8.963792
3.0,1.828125e-03,2.200000e-02,8.948896
3.5,4.687500e-04,6.000000e-03,8.937540
4.0,2.343750e-04,4.000000e-03,8.980079
4.5,6.250000e-05,1.000000e-03,8.902536
5.0,0.000000e+00,0.000000e+00,9.001725
