snr,ber_scl,ber_aiscl,time_scl_ms,time_aiscl_ms
0.0,0.1188,0.1188,9.047737,9.192768
0.5,0.0799,0.0799,9.078943,9.632683
1.0,0.0516,0.0516,9.254027,9.800358
1.5,0.0256,0.0256,9.343203,9.911543
2.0,0.0148,0.0148,9.049317,9.582460
2.5,0.0052,0.0052,9.056211,9.585332
3.0,0.0021,0.0021,9.164743,9.700559
3.5,0.0007,0.0007,9.179481,9.736263
4.0,0.0003,0.0003,9.514184,10.102958
4.5,0.0000,0.0000,9.711962,10.317274
5.0,0.0000,0.0000,9.471431,10.062843
